UserID,QID,effectiveness,created_at
0,0,4,24/07/2018
0,1,4,24/07/2018
0,2,4,25/07/2018
0,3,4,26/07/2018
0,4,3,26/07/2018
0,5,3,28/07/2018
0,6,5,29/07/2018
0,7,1,10/08/2018
0,8,3,10/08/2018
0,9,2,10/08/2018
0,10,3,10/08/2018
0,11,3,10/08/2018
0,12,3,10/08/2018
0,13,2,10/08/2018
0,14,5,10/08/2018
0,15,4,31/08/2018
0,16,3,30/08/2018
0,17,3,31/08/2018
0,18,3,31/08/2018
0,19,4,30/08/2018
0,20,4,28/09/2018
0,21,3,28/09/2018
1,0,4,24/07/2018
1,2,2,31/07/2018
1,5,2,2/08/2018
1,6,5,31/07/2018
1,22,5,27/08/2018
1,15,5,27/08/2018
2,0,5,24/07/2018
2,1,4,24/07/2018
2,2,5,24/07/2018
2,3,5,26/07/2018
2,4,5,26/07/2018
2,5,5,27/07/2018
2,6,5,30/07/2018
2,7,3,31/07/2018
2,9,4,7/08/2018
3,0,3,25/07/2018
3,1,5,25/07/2018
3,2,5,25/07/2018
3,3,4,26/07/2018
3,4,3,26/07/2018
3,5,3,27/07/2018
3,6,5,1/08/2018
3,7,3,31/07/2018
3,8,4,4/08/2018
3,23,4,5/08/2018
3,24,4,6/08/2018
3,9,3,6/08/2018
3,25,5,7/08/2018
3,10,5,14/08/2018
3,11,3,14/08/2018
3,26,4,14/08/2018
3,12,4,9/08/2018
3,27,4,9/08/2018
3,14,3,27/08/2018
3,28,4,10/08/2018
3,22,3,23/08/2018
3,15,4,11/08/2018
3,16,4,21/08/2018
3,17,5,21/08/2018
3,29,5,23/08/2018
3,18,5,28/08/2018
3,30,5,28/08/2018
4,0,4,26/07/2018
4,1,5,26/07/2018
4,3,5,26/07/2018
4,4,5,26/07/2018
4,5,5,29/07/2018
4,6,3,29/07/2018
4,8,5,5/08/2018
4,22,3,23/08/2018
4,29,3,23/08/2018
4,31,4,6/09/2018
4,20,4,9/10/2018
4,32,4,9/10/2018
5,0,3,27/07/2018
5,1,5,27/07/2018
5,2,3,27/07/2018
5,3,2,27/07/2018
5,4,4,27/07/2018
5,5,4,27/07/2018
5,6,4,1/08/2018
5,7,4,4/08/2018
5,23,5,6/08/2018
5,24,5,6/08/2018
5,9,5,6/08/2018
5,33,5,7/08/2018
5,10,5,22/08/2018
5,11,5,8/08/2018
5,26,1,22/08/2018
5,12,5,22/08/2018
5,13,5,28/08/2018
5,14,5,18/08/2018
5,34,5,18/08/2018
5,16,5,22/08/2018
5,17,5,21/08/2018
5,18,5,28/08/2018
5,30,1,28/08/2018
6,0,3,31/07/2018
6,1,5,31/07/2018
6,3,5,31/07/2018
6,5,1,31/07/2018
6,8,4,5/08/2018
6,25,3,8/08/2018
6,11,3,8/08/2018
6,26,3,8/08/2018
6,14,5,31/08/2018
6,22,5,27/08/2018
6,16,5,27/08/2018
6,31,5,27/08/2018
6,35,5,27/08/2018
6,20,5,23/10/2018
6,36,5,25/10/2018
6,37,5,23/10/2018
6,38,5,25/10/2018
7,0,2,31/07/2018
7,1,3,31/07/2018
7,2,3,31/07/2018
7,3,3,31/07/2018
7,4,2,31/07/2018
7,5,3,31/07/2018
7,6,4,31/07/2018
7,7,1,31/07/2018
7,23,1,10/08/2018
7,24,3,7/08/2018
7,33,3,7/08/2018
7,12,3,9/08/2018
7,27,3,9/08/2018
7,14,3,9/08/2018
7,22,4,30/08/2018
7,19,4,30/08/2018
7,20,3,18/10/2018
8,0,5,31/07/2018
8,1,3,1/08/2018
8,2,5,31/07/2018
8,3,3,31/07/2018
8,5,3,31/07/2018
8,6,3,31/07/2018
8,7,4,1/08/2018
8,23,4,6/08/2018
8,9,2,12/09/2018
8,25,3,14/08/2018
8,33,3,18/08/2018
8,10,4,8/08/2018
8,11,3,9/08/2018
8,26,3,8/08/2018
8,12,3,9/08/2018
8,13,5,9/08/2018
8,16,2,19/08/2018
8,17,5,21/08/2018
8,18,5,20/09/2018
8,30,4,28/08/2018
9,0,2,1/08/2018
9,1,2,1/08/2018
9,3,4,1/08/2018
9,6,4,31/07/2018
9,7,2,1/08/2018
9,23,3,7/08/2018
9,9,2,7/08/2018
9,33,4,7/08/2018
9,10,2,8/08/2018
9,11,3,8/08/2018
9,26,2,8/08/2018
9,39,4,25/10/2018
10,0,1,2/08/2018
10,2,1,2/08/2018
10,3,3,2/08/2018
10,5,1,2/08/2018
10,6,5,2/08/2018
10,8,4,8/08/2018
10,24,3,7/08/2018
10,25,3,7/08/2018
10,33,4,8/08/2018
10,22,5,26/08/2018
10,34,4,10/08/2018
10,31,5,23/09/2018
10,39,5,23/09/2018
10,20,5,21/10/2018
10,32,5,21/10/2018
10,40,5,21/10/2018
11,0,4,2/08/2018
11,1,5,2/08/2018
11,3,4,5/08/2018
11,5,3,2/08/2018
11,7,5,2/08/2018
11,8,4,5/08/2018
11,23,5,5/08/2018
11,24,4,7/08/2018
11,9,3,7/08/2018
11,25,4,7/08/2018
11,33,3,7/08/2018
11,10,3,8/08/2018
11,11,4,8/08/2018
11,27,5,9/08/2018
11,13,5,15/08/2018
11,28,5,18/08/2018
12,0,1,5/08/2018
12,5,1,5/08/2018
12,28,5,28/08/2018
12,17,5,28/08/2018
12,31,5,28/08/2018
12,20,5,6/10/2018
12,21,5,28/09/2018
12,40,5,6/10/2018
12,36,5,25/10/2018
12,41,5,25/10/2018
12,37,5,25/10/2018
13,0,3,26/08/2018
13,1,3,26/08/2018
13,2,3,28/08/2018
13,3,3,26/08/2018
13,4,1,26/08/2018
13,7,1,26/08/2018
13,24,5,26/09/2018
13,33,5,8/08/2018
13,10,3,26/08/2018
13,11,3,26/08/2018
13,26,1,26/08/2018
13,27,3,9/08/2018
13,14,5,9/08/2018
13,22,5,27/09/2018
13,15,5,27/08/2018
13,16,3,23/08/2018
13,17,2,23/08/2018
13,29,3,26/08/2018
13,35,4,26/09/2018
13,18,4,28/08/2018
13,30,3,28/08/2018
13,19,3,29/08/2018
13,39,5,27/09/2018
13,21,4,21/10/2018
13,32,4,21/10/2018
13,40,4,8/10/2018
14,0,3,28/09/2018
14,6,5,7/08/2018
14,8,4,7/08/2018
14,10,3,28/09/2018
14,13,3,28/09/2018
14,36,4,26/10/2018
14,38,4,26/10/2018
15,1,2,24/07/2018
15,2,3,13/09/2018
15,6,4,13/09/2018
15,14,5,13/09/2018
15,22,3,13/09/2018
15,15,5,13/09/2018
15,31,5,21/10/2018
15,20,5,21/10/2018
15,40,5,21/10/2018
16,1,3,24/07/2018
16,4,1,8/08/2018
16,14,4,30/08/2018
16,19,4,30/08/2018
16,39,4,26/10/2018
16,21,4,28/09/2018
16,36,4,26/10/2018
17,1,5,25/07/2018
17,2,4,25/07/2018
17,4,4,27/07/2018
17,8,4,14/08/2018
17,21,4,2/10/2018
17,40,4,10/10/2018
18,1,5,26/07/2018
18,2,5,26/07/2018
18,3,5,26/07/2018
18,4,5,29/07/2018
18,5,2,29/07/2018
18,6,5,29/07/2018
18,8,5,7/08/2018
18,24,5,7/08/2018
18,27,5,19/08/2018
18,28,5,19/08/2018
18,31,5,9/09/2018
18,20,5,4/10/2018
18,21,2,6/10/2018
18,40,5,6/10/2018
19,1,5,27/07/2018
19,4,4,20/08/2018
19,5,5,27/07/2018
19,7,1,25/10/2018
19,9,5,12/08/2018
19,11,3,26/09/2018
19,27,2,9/08/2018
19,28,5,16/08/2018
19,34,5,16/08/2018
19,15,5,10/08/2018
19,16,4,26/09/2018
19,19,3,29/08/2018
20,1,5,28/07/2018
20,2,5,28/07/2018
20,3,5,28/07/2018
20,4,5,28/07/2018
20,5,5,28/07/2018
20,19,5,30/08/2018
21,1,5,28/07/2018
21,2,5,28/07/2018
21,3,5,28/07/2018
21,4,5,28/07/2018
21,5,4,28/07/2018
21,6,5,29/07/2018
21,22,5,26/10/2018
21,20,5,26/10/2018
21,37,5,26/10/2018
22,1,3,29/07/2018
22,2,3,31/07/2018
22,3,5,31/07/2018
22,4,2,29/07/2018
22,6,5,31/07/2018
22,7,1,31/07/2018
22,30,5,28/08/2018
22,19,3,30/08/2018
22,39,5,27/09/2018
22,40,4,22/10/2018
22,41,5,23/10/2018
23,1,5,29/07/2018
23,2,5,29/07/2018
23,3,2,29/07/2018
23,4,3,29/07/2018
23,5,5,29/07/2018
23,23,1,7/08/2018
23,24,3,7/08/2018
23,9,1,7/08/2018
23,10,1,24/08/2018
23,26,3,25/08/2018
23,12,1,24/08/2018
23,15,4,25/08/2018
23,16,1,24/08/2018
23,17,2,22/08/2018
23,39,5,27/09/2018
23,32,5,23/10/2018
23,36,4,23/10/2018
24,1,2,29/07/2018
24,2,4,1/08/2018
24,3,4,30/07/2018
24,4,3,1/08/2018
24,6,4,1/08/2018
24,7,2,1/08/2018
24,8,4,9/08/2018
24,23,2,7/08/2018
24,9,2,7/08/2018
24,10,1,21/08/2018
24,27,4,20/08/2018
24,13,2,21/08/2018
24,22,5,24/09/2018
24,17,2,21/08/2018
24,31,5,31/08/2018
24,40,4,25/10/2018
24,37,3,25/10/2018
24,38,4,25/10/2018
25,1,3,2/08/2018
25,4,3,3/08/2018
25,6,3,2/08/2018
25,23,3,6/08/2018
25,10,2,23/08/2018
25,11,2,8/08/2018
25,27,2,9/08/2018
25,28,2,10/08/2018
25,16,2,23/08/2018
25,17,2,26/08/2018
26,1,4,2/08/2018
26,7,1,5/08/2018
26,23,2,7/08/2018
26,9,2,7/08/2018
26,25,3,7/08/2018
26,10,3,8/08/2018
26,11,3,8/08/2018
26,26,3,8/08/2018
26,12,3,19/08/2018
26,13,2,9/08/2018
26,28,3,20/08/2018
26,15,3,20/08/2018
26,16,2,19/08/2018
26,17,2,24/08/2018
26,31,3,31/08/2018
27,1,3,5/08/2018
27,3,3,2/08/2018
27,4,2,5/08/2018
27,5,3,2/08/2018
27,6,3,2/08/2018
27,7,2,5/08/2018
27,8,5,5/08/2018
27,23,3,6/08/2018
27,24,3,6/08/2018
27,25,4,7/08/2018
27,33,3,7/08/2018
27,10,2,8/08/2018
27,11,3,8/08/2018
27,28,3,20/08/2018
27,16,2,20/08/2018
27,18,3,28/08/2018
27,30,3,28/08/2018
27,39,3,26/09/2018
28,1,4,5/08/2018
28,3,5,29/07/2018
28,6,5,5/08/2018
28,25,4,12/08/2018
28,27,4,14/08/2018
28,22,5,1/09/2018
28,15,4,14/08/2018
28,29,4,23/08/2018
28,20,3,4/10/2018
28,21,4,2/10/2018
29,1,4,8/08/2018
29,18,4,28/08/2018
29,30,4,28/08/2018
30,1,5,26/08/2018
30,3,5,31/07/2018
30,4,5,26/08/2018
30,6,5,31/07/2018
30,7,5,31/07/2018
30,22,5,26/08/2018
30,29,5,26/08/2018
31,1,3,27/08/2018
31,8,3,27/08/2018
31,24,2,18/08/2018
31,25,3,27/08/2018
32,1,3,23/09/2018
32,39,5,23/09/2018
32,40,1,21/10/2018
33,2,3,24/07/2018
33,6,3,11/10/2018
33,24,5,7/08/2018
33,25,5,13/08/2018
33,22,5,28/08/2018
34,2,5,25/07/2018
34,3,4,28/07/2018
34,4,5,28/07/2018
34,5,3,28/07/2018
34,28,5,10/08/2018
34,19,4,30/08/2018
34,37,5,26/10/2018
34,38,5,26/10/2018
35,2,5,31/07/2018
35,6,5,31/07/2018
35,7,5,31/07/2018
35,28,5,19/08/2018
35,22,5,2/09/2018
35,31,5,20/09/2018
35,20,4,24/10/2018
36,2,5,1/08/2018
36,3,4,1/08/2018
36,6,5,1/08/2018
36,25,2,8/08/2018
36,11,4,8/08/2018
37,2,5,5/08/2018
37,6,5,31/07/2018
37,7,3,31/07/2018
37,22,5,22/08/2018
37,16,3,22/08/2018
37,20,3,25/10/2018
37,32,5,25/10/2018
37,36,5,25/10/2018
37,37,5,25/10/2018
38,2,5,5/08/2018
38,6,5,5/08/2018
38,8,5,5/08/2018
38,33,5,8/08/2018
38,16,4,23/08/2018
38,29,3,23/08/2018
38,39,4,20/10/2018
38,20,5,20/10/2018
38,40,4,20/10/2018
39,2,5,6/08/2018
39,24,4,6/08/2018
39,27,3,9/08/2018
39,13,3,9/08/2018
39,14,5,17/08/2018
39,28,3,17/08/2018
39,22,3,28/08/2018
39,34,3,17/08/2018
39,15,4,17/08/2018
39,31,5,28/08/2018
39,20,5,23/10/2018
39,37,5,23/10/2018
40,2,5,7/08/2018
40,6,2,7/08/2018
40,8,5,6/08/2018
40,24,5,7/08/2018
40,14,3,16/08/2018
40,22,4,22/08/2018
40,37,4,25/10/2018
40,38,3,25/10/2018
41,2,5,8/08/2018
42,2,5,8/08/2018
42,14,5,10/08/2018
42,28,5,10/08/2018
42,22,5,10/08/2018
42,31,5,29/08/2018
42,19,3,30/08/2018
42,20,5,28/09/2018
43,2,5,8/08/2018
43,25,4,8/08/2018
43,26,4,8/08/2018
43,14,5,27/09/2018
43,22,5,25/10/2018
43,31,5,30/08/2018
43,19,5,30/08/2018
44,2,2,9/08/2018
44,8,2,9/08/2018
44,24,1,9/08/2018
44,28,3,10/08/2018
45,2,5,11/08/2018
45,6,5,8/08/2018
45,23,4,20/08/2018
45,24,5,8/08/2018
45,25,5,14/08/2018
45,33,5,8/08/2018
45,10,3,14/08/2018
45,11,4,14/08/2018
45,26,5,14/08/2018
45,12,4,14/08/2018
45,14,1,5/09/2018
45,28,4,31/08/2018
45,22,4,27/08/2018
45,34,5,14/08/2018
45,15,4,29/08/2018
45,16,2,20/08/2018
45,17,3,21/08/2018
45,31,2,29/08/2018
45,18,4,28/08/2018
45,30,4,28/08/2018
45,39,4,28/09/2018
45,40,4,10/10/2018
46,2,5,18/08/2018
46,27,1,19/08/2018
46,14,5,17/08/2018
46,22,5,7/09/2018
46,15,5,18/08/2018
46,39,4,17/10/2018
47,2,4,18/09/2018
47,6,4,21/10/2018
47,8,5,10/08/2018
47,12,3,10/08/2018
47,14,4,11/08/2018
47,22,5,21/10/2018
47,15,5,11/08/2018
47,31,5,21/10/2018
47,19,4,30/08/2018
47,39,4,21/10/2018
47,20,4,21/10/2018
47,21,4,21/10/2018
48,2,4,21/09/2018
48,6,5,29/07/2018
48,14,4,31/08/2018
48,22,4,31/08/2018
48,31,3,31/08/2018
49,3,5,26/07/2018
49,5,1,28/07/2018
49,6,5,29/07/2018
49,7,1,31/07/2018
49,8,5,5/08/2018
49,9,1,7/08/2018
49,25,5,7/08/2018
49,12,5,18/08/2018
49,19,5,29/08/2018
49,32,5,4/10/2018
49,40,5,4/10/2018
50,3,3,30/07/2018
50,6,5,30/07/2018
50,8,3,6/08/2018
50,24,5,6/08/2018
50,27,4,24/08/2018
50,14,2,18/08/2018
50,28,3,18/08/2018
50,22,5,14/08/2018
50,15,4,18/08/2018
50,31,4,21/09/2018
51,3,3,1/08/2018
51,23,2,29/08/2018
51,12,3,10/08/2018
51,30,3,29/08/2018
52,4,2,31/07/2018
52,7,2,31/07/2018
52,26,5,15/08/2018
52,28,4,16/08/2018
52,16,3,20/08/2018
52,40,5,4/10/2018
53,4,3,26/09/2018
53,12,3,28/08/2018
53,22,4,30/08/2018
53,31,4,11/10/2018
53,18,4,28/08/2018
53,30,3,15/09/2018
53,32,4,2/10/2018
53,40,4,11/10/2018
54,5,3,28/07/2018
54,6,5,7/08/2018
54,25,3,7/08/2018
54,33,5,7/08/2018
54,28,5,18/08/2018
54,34,4,16/08/2018
54,30,5,29/08/2018
54,19,5,29/08/2018
54,32,5,3/10/2018
55,5,3,3/08/2018
55,31,5,29/08/2018
55,20,5,12/10/2018
55,38,5,25/10/2018
56,5,5,4/08/2018
56,14,5,22/08/2018
56,15,5,22/08/2018
56,16,5,22/08/2018
56,29,5,22/08/2018
56,31,5,24/09/2018
56,39,5,24/09/2018
57,5,4,7/08/2018
57,6,5,7/08/2018
57,8,4,7/08/2018
57,22,4,28/09/2018
57,19,4,29/08/2018
57,20,3,28/09/2018
57,37,3,26/10/2018
58,6,5,2/08/2018
58,26,5,9/08/2018
58,14,5,9/08/2018
58,15,5,26/10/2018
58,39,5,27/09/2018
58,36,5,26/10/2018
58,41,5,26/10/2018
59,6,5,7/08/2018
59,33,3,7/08/2018
59,14,5,10/08/2018
59,22,4,27/08/2018
59,31,4,27/08/2018
60,6,5,29/08/2018
60,22,5,24/10/2018
60,19,5,29/08/2018
60,21,1,24/10/2018
60,40,5,24/10/2018
60,36,5,24/10/2018
60,41,5,24/10/2018
60,37,5,24/10/2018
61,6,5,7/09/2018
61,27,4,9/08/2018
61,13,3,16/08/2018
61,14,5,13/08/2018
61,22,5,7/09/2018
61,34,5,16/08/2018
61,30,4,7/09/2018
62,7,2,31/07/2018
62,8,3,7/08/2018
62,24,5,7/08/2018
62,39,4,23/10/2018
62,20,4,2/10/2018
62,21,4,2/10/2018
62,32,4,2/10/2018
62,40,4,23/10/2018
62,36,2,23/10/2018
62,41,4,23/10/2018
63,8,5,5/08/2018
63,39,4,19/10/2018
64,8,4,5/08/2018
64,23,1,5/08/2018
64,14,5,21/08/2018
65,8,4,5/08/2018
65,22,4,23/10/2018
65,29,4,28/09/2018
65,31,4,23/10/2018
65,18,4,28/08/2018
65,30,4,28/08/2018
65,19,4,30/08/2018
65,36,4,23/10/2018
66,8,4,7/08/2018
66,24,3,8/08/2018
66,11,3,8/08/2018
66,14,5,6/09/2018
66,31,5,29/08/2018
66,35,2,29/08/2018
66,19,3,29/08/2018
66,20,5,6/10/2018
67,8,3,7/08/2018
67,24,5,7/08/2018
68,8,5,8/08/2018
68,31,5,27/08/2018
69,23,1,30/08/2018
69,9,1,30/08/2018
69,10,1,10/08/2018
69,13,1,10/08/2018
69,16,1,29/08/2018
69,18,3,29/08/2018
69,30,5,29/08/2018
69,40,4,25/10/2018
69,41,4,25/10/2018
69,38,4,25/10/2018
70,23,5,25/10/2018
70,14,5,29/08/2018
70,31,4,29/08/2018
70,19,3,29/08/2018
70,20,2,28/09/2018
70,21,5,25/10/2018
70,40,5,25/10/2018
70,36,5,25/10/2018
70,41,5,25/10/2018
71,24,2,6/08/2018
71,16,1,30/08/2018
72,24,4,7/08/2018
72,16,5,19/08/2018
73,9,4,6/08/2018
73,39,5,25/09/2018
73,20,5,24/10/2018
74,9,1,8/08/2018
74,25,5,7/08/2018
74,33,1,7/08/2018
74,10,1,23/08/2018
74,11,5,8/08/2018
74,12,1,23/08/2018
74,22,5,21/10/2018
74,15,5,28/08/2018
74,17,1,22/08/2018
74,18,5,28/08/2018
74,19,5,28/08/2018
74,39,5,20/10/2018
74,40,5,3/10/2018
75,9,4,9/08/2018
75,17,5,24/08/2018
75,40,4,18/10/2018
76,25,5,8/08/2018
76,33,5,7/08/2018
76,14,5,9/08/2018
76,22,5,24/08/2018
76,29,5,24/08/2018
76,40,5,8/10/2018
77,25,5,9/08/2018
77,29,5,22/08/2018
77,31,5,27/08/2018
78,25,4,15/08/2018
78,11,3,15/08/2018
78,26,2,15/08/2018
78,14,5,10/08/2018
78,22,4,22/10/2018
78,34,4,15/08/2018
78,29,4,23/08/2018
78,31,4,26/09/2018
78,32,4,12/10/2018
78,40,3,13/10/2018
79,10,2,26/08/2018
79,34,1,26/08/2018
79,16,1,26/08/2018
79,40,3,18/10/2018
80,14,5,10/08/2018
80,34,5,16/08/2018
80,21,5,2/10/2018
80,40,5,23/10/2018
81,14,5,10/08/2018
81,18,4,30/08/2018
81,30,3,19/09/2018
82,14,5,26/08/2018
82,22,5,26/08/2018
82,31,5,25/10/2018
83,14,5,28/08/2018
83,18,5,28/08/2018
83,30,5,28/08/2018
83,32,5,7/10/2018
83,40,5,7/10/2018
84,14,5,29/08/2018
84,22,5,22/10/2018
84,31,3,23/10/2018
84,20,5,22/10/2018
84,36,5,22/10/2018
84,41,5,23/10/2018
84,37,5,23/10/2018
85,14,5,30/08/2018
85,28,3,23/08/2018
85,22,3,30/08/2018
85,15,3,30/08/2018
85,16,3,23/08/2018
85,17,3,23/08/2018
85,30,3,30/08/2018
85,19,3,30/08/2018
85,39,3,25/09/2018
85,20,5,23/10/2018
86,14,5,30/08/2018
86,31,4,27/09/2018
86,19,4,30/08/2018
87,14,5,5/09/2018
87,28,5,17/08/2018
87,34,4,13/08/2018
87,40,5,24/10/2018
88,22,3,21/08/2018
88,15,5,21/08/2018
88,29,1,27/08/2018
88,32,5,26/10/2018
88,36,2,26/10/2018
88,41,5,26/10/2018
89,22,4,22/08/2018
89,35,3,29/08/2018
90,22,4,26/08/2018
90,29,2,26/08/2018
90,31,5,27/09/2018
90,36,4,25/10/2018
90,41,5,25/10/2018
90,38,4,25/10/2018
91,22,5,27/08/2018
91,29,3,27/08/2018
91,35,3,27/08/2018
91,40,5,17/10/2018
92,18,3,28/08/2018
92,30,1,28/08/2018
92,20,5,2/11/2018
92,36,5,23/10/2018
92,41,5,23/10/2018
93,20,4,23/10/2018
94,0,3,24/07/2018
94,2,3,25/07/2018
94,5,2,30/07/2018
94,6,4,26/08/2018
94,7,3,12/08/2018
94,29,4,26/08/2018
94,21,5,2/10/2018
94,32,5,2/10/2018
95,0,4,25/07/2018
95,1,4,25/07/2018
95,2,5,25/07/2018
95,3,3,26/07/2018
95,4,4,26/07/2018
95,5,3,31/07/2018
95,6,5,31/07/2018
95,7,2,4/08/2018
95,14,3,23/08/2018
95,22,3,23/08/2018
96,0,5,25/07/2018
96,1,4,25/07/2018
96,2,4,25/07/2018
96,14,5,9/08/2018
96,29,4,25/08/2018
97,0,4,25/07/2018
97,1,4,24/07/2018
97,2,5,25/07/2018
97,3,4,26/07/2018
97,4,3,26/07/2018
97,5,4,27/07/2018
97,7,2,31/07/2018
97,9,3,7/08/2018
97,22,5,22/08/2018
97,16,3,22/08/2018
97,17,4,22/08/2018
97,29,4,22/08/2018
97,20,4,25/10/2018
97,41,4,25/10/2018
97,38,4,25/10/2018
98,0,2,27/07/2018
98,1,4,27/07/2018
98,2,5,27/07/2018
98,3,1,27/07/2018
98,4,2,27/07/2018
98,5,5,27/07/2018
99,0,3,28/07/2018
99,1,4,26/07/2018
99,4,4,26/07/2018
99,5,3,28/07/2018
99,7,1,31/07/2018
99,23,1,5/08/2018
99,25,3,15/08/2018
99,27,2,15/08/2018
99,28,3,20/08/2018
99,35,3,27/08/2018
99,19,3,29/08/2018
99,32,2,5/10/2018
99,40,2,5/10/2018
100,0,2,30/07/2018
100,1,2,30/07/2018
100,2,3,22/08/2018
100,4,2,2/08/2018
100,6,5,22/08/2018
100,7,2,2/08/2018
100,25,3,13/08/2018
100,28,2,22/08/2018
100,34,2,16/08/2018
100,16,2,20/08/2018
101,0,4,1/08/2018
101,1,5,1/08/2018
101,3,5,1/08/2018
101,4,3,1/08/2018
101,5,3,1/08/2018
101,6,5,1/08/2018
101,7,2,1/08/2018
101,29,5,29/08/2018
101,31,5,29/08/2018
101,20,5,28/09/2018
102,0,1,6/08/2018
102,1,5,6/08/2018
102,2,5,6/08/2018
102,3,1,6/08/2018
102,5,5,6/08/2018
102,6,5,6/08/2018
102,14,5,21/08/2018
102,22,5,23/10/2018
102,31,1,11/09/2018
102,20,5,23/10/2018
102,37,5,23/10/2018
103,0,1,10/08/2018
103,2,2,9/08/2018
103,3,2,10/08/2018
103,4,2,10/08/2018
103,6,1,31/08/2018
103,8,1,9/08/2018
103,24,2,9/08/2018
103,33,1,9/08/2018
103,10,1,8/08/2018
103,11,2,9/08/2018
103,26,1,9/08/2018
103,12,1,9/08/2018
103,27,2,9/08/2018
103,13,1,9/08/2018
103,14,2,31/08/2018
103,22,2,31/08/2018
103,29,1,31/08/2018
103,31,1,31/08/2018
103,30,1,31/08/2018
103,19,1,31/08/2018
103,37,1,26/10/2018
104,0,5,19/09/2018
104,6,5,19/09/2018
104,14,5,16/10/2018
104,35,5,27/08/2018
105,0,4,27/09/2018
105,2,5,10/08/2018
105,14,3,10/08/2018
105,31,5,24/10/2018
106,0,3,26/10/2018
107,1,4,24/07/2018
107,2,5,27/07/2018
107,3,4,27/07/2018
107,4,1,27/07/2018
107,5,3,28/07/2018
107,7,2,2/08/2018
107,22,5,22/08/2018
107,17,4,22/08/2018
107,29,3,22/08/2018
107,31,5,28/08/2018
107,30,5,28/08/2018
108,1,5,24/07/2018
108,2,4,31/07/2018
108,3,1,31/07/2018
108,8,1,7/08/2018
108,24,4,7/08/2018
108,25,5,8/08/2018
108,11,4,8/08/2018
108,28,2,19/08/2018
108,16,5,19/08/2018
109,1,2,24/07/2018
109,2,4,8/08/2018
109,6,3,31/08/2018
109,8,1,24/09/2018
109,24,2,8/08/2018
109,25,1,24/09/2018
109,10,2,8/08/2018
109,14,3,31/08/2018
109,22,3,31/08/2018
109,32,2,25/10/2018
110,1,5,25/07/2018
110,2,5,25/07/2018
110,5,4,29/07/2018
110,29,5,28/08/2018
110,18,4,28/08/2018
110,30,5,28/08/2018
110,32,5,26/10/2018
111,1,3,27/07/2018
111,2,4,7/08/2018
111,4,3,28/07/2018
111,6,5,28/07/2018
111,7,1,3/08/2018
111,25,3,7/08/2018
111,33,3,7/08/2018
111,15,4,12/08/2018
111,31,5,27/10/2018
112,1,4,30/07/2018
112,2,5,30/07/2018
112,10,4,9/08/2018
112,11,4,9/08/2018
112,26,3,25/08/2018
112,12,4,9/08/2018
112,13,4,9/08/2018
112,14,4,25/08/2018
112,16,3,25/08/2018
113,1,3,4/08/2018
113,2,4,4/08/2018
113,4,4,4/08/2018
113,7,3,25/09/2018
113,9,4,6/08/2018
113,14,4,21/08/2018
113,34,4,10/08/2018
113,15,4,22/08/2018
113,17,3,21/10/2018
113,19,4,29/08/2018
114,1,5,5/08/2018
114,2,4,5/08/2018
114,8,5,7/08/2018
114,33,5,7/08/2018
114,10,3,27/08/2018
114,11,4,27/08/2018
114,27,3,26/08/2018
114,13,3,27/08/2018
114,22,5,26/08/2018
114,16,5,27/08/2018
114,18,5,28/08/2018
114,30,5,28/08/2018
114,20,5,8/10/2018
114,40,5,8/10/2018
115,1,1,5/08/2018
115,4,1,5/08/2018
115,5,1,5/08/2018
115,12,1,26/08/2018
115,16,1,26/08/2018
115,17,1,26/08/2018
115,39,1,26/09/2018
116,1,4,6/08/2018
116,2,5,6/08/2018
116,6,5,6/08/2018
117,1,4,6/08/2018
117,8,4,10/08/2018
117,10,4,10/08/2018
117,11,4,10/08/2018
117,26,2,10/08/2018
117,12,3,10/08/2018
117,27,4,10/08/2018
117,13,3,10/08/2018
117,28,4,10/08/2018
117,29,1,28/08/2018
117,18,4,28/08/2018
117,20,3,28/09/2018
118,1,5,6/08/2018
118,4,2,25/10/2018
118,23,4,25/08/2018
118,9,2,18/08/2018
118,10,4,9/08/2018
118,11,3,25/10/2018
118,27,5,9/08/2018
118,34,4,7/10/2018
118,17,4,21/08/2018
118,29,5,7/10/2018
118,19,4,29/08/2018
118,32,3,8/10/2018
118,40,3,7/10/2018
119,1,3,20/08/2018
119,8,4,7/08/2018
119,25,2,8/08/2018
119,33,3,20/08/2018
119,26,2,8/08/2018
119,27,3,10/08/2018
119,14,4,10/08/2018
119,28,3,10/08/2018
119,34,3,20/08/2018
119,16,3,19/08/2018
119,17,3,24/08/2018
119,29,2,24/08/2018
119,32,4,2/10/2018
119,40,3,23/10/2018
120,2,3,31/07/2018
120,3,1,1/08/2018
120,6,4,31/07/2018
120,8,3,7/08/2018
120,9,2,7/08/2018
120,10,3,8/08/2018
120,11,2,8/08/2018
120,26,2,14/08/2018
120,12,2,14/08/2018
120,13,1,14/08/2018
120,14,3,18/08/2018
120,28,1,10/08/2018
120,31,5,4/09/2018
121,2,5,31/07/2018
121,3,3,31/07/2018
121,7,2,31/07/2018
121,27,3,19/08/2018
121,17,1,21/08/2018
121,40,5,8/10/2018
122,2,5,1/08/2018
122,3,5,1/08/2018
122,6,4,1/08/2018
122,14,4,28/08/2018
122,22,4,28/08/2018
122,31,5,28/08/2018
122,35,4,28/08/2018
122,18,4,28/08/2018
123,2,5,5/08/2018
123,6,4,31/07/2018
123,14,5,26/08/2018
123,22,5,26/08/2018
123,31,1,11/09/2018
123,38,4,25/10/2018
124,2,3,6/08/2018
124,8,4,6/08/2018
125,2,5,6/08/2018
125,6,3,5/09/2018
125,24,3,6/08/2018
125,9,5,6/08/2018
125,22,5,24/08/2018
126,2,5,7/08/2018
126,6,3,25/10/2018
126,8,4,7/08/2018
126,14,4,25/10/2018
126,22,5,25/10/2018
126,20,3,25/10/2018
126,36,5,25/10/2018
126,41,5,25/10/2018
126,37,3,25/10/2018
126,38,5,25/10/2018
127,2,5,7/08/2018
127,6,4,7/08/2018
127,20,4,28/09/2018
128,2,5,7/08/2018
128,5,3,28/09/2018
128,8,5,7/08/2018
128,25,4,28/09/2018
128,14,4,28/09/2018
128,28,4,28/09/2018
128,15,5,28/09/2018
128,16,3,28/09/2018
128,35,4,28/09/2018
128,19,3,30/08/2018
128,38,5,25/10/2018
129,2,5,7/08/2018
129,8,5,7/08/2018
129,14,5,30/08/2018
129,36,2,24/10/2018
130,2,4,7/08/2018
130,8,1,7/08/2018
130,24,5,7/08/2018
131,2,4,7/08/2018
131,7,3,3/08/2018
131,33,4,8/08/2018
131,28,4,10/08/2018
131,31,5,29/08/2018
131,35,2,29/08/2018
131,18,1,29/08/2018
132,2,5,7/08/2018
132,6,4,7/08/2018
132,33,4,7/08/2018
133,2,5,8/08/2018
133,31,5,29/08/2018
134,2,5,8/08/2018
134,6,5,8/08/2018
134,33,5,8/08/2018
134,34,3,27/09/2018
135,2,4,8/08/2018
135,32,5,25/10/2018
136,2,5,8/08/2018
136,25,3,8/08/2018
137,2,5,8/08/2018
137,14,5,27/08/2018
137,29,5,27/08/2018
137,21,5,26/10/2018
137,38,5,26/10/2018
138,2,5,8/08/2018
138,6,5,27/08/2018
138,25,5,8/08/2018
138,14,5,27/08/2018
138,22,5,27/08/2018
138,29,5,27/08/2018
138,31,5,27/08/2018
138,35,3,27/08/2018
139,2,4,8/08/2018
139,6,4,7/08/2018
139,8,4,8/08/2018
139,33,4,7/08/2018
139,12,3,29/08/2018
139,22,4,27/10/2018
139,31,5,29/08/2018
139,18,4,29/08/2018
139,30,3,29/08/2018
139,19,4,29/08/2018
139,39,4,26/10/2018
139,20,1,23/10/2018
139,40,4,24/10/2018
139,36,3,24/10/2018
139,37,5,24/10/2018
139,38,4,26/10/2018
140,2,5,9/08/2018
140,6,4,26/10/2018
140,27,5,9/08/2018
140,22,5,25/10/2018
140,20,4,30/10/2018
140,40,4,26/10/2018
140,41,5,25/10/2018
140,37,4,25/10/2018
141,2,5,9/08/2018
141,13,5,9/08/2018
141,14,5,27/08/2018
141,35,5,27/08/2018
141,20,5,10/10/2018
142,2,5,9/08/2018
142,24,5,10/08/2018
142,28,4,10/08/2018
142,34,5,10/08/2018
142,32,5,26/10/2018
142,40,5,26/10/2018
142,36,4,26/10/2018
142,41,5,26/10/2018
142,37,4,26/10/2018
143,2,5,9/08/2018
143,27,5,9/08/2018
143,14,5,9/08/2018
144,2,5,10/08/2018
144,16,2,27/08/2018
144,29,4,27/08/2018
145,2,5,10/08/2018
145,22,3,26/10/2018
145,19,3,30/08/2018
146,2,4,10/08/2018
146,14,5,10/08/2018
146,28,5,10/08/2018
147,2,4,10/08/2018
147,28,4,10/08/2018
148,2,5,10/08/2018
148,23,3,28/08/2018
148,24,5,10/08/2018
148,9,3,28/08/2018
148,25,5,10/08/2018
148,26,3,10/08/2018
148,13,5,10/08/2018
148,14,4,10/08/2018
148,28,3,26/08/2018
148,22,5,26/08/2018
148,15,5,10/08/2018
148,16,3,28/08/2018
148,29,3,26/08/2018
148,31,5,29/08/2018
148,35,4,28/08/2018
148,18,4,28/08/2018
148,30,5,28/08/2018
148,19,4,29/08/2018
148,20,4,28/09/2018
149,2,5,10/08/2018
149,14,4,10/08/2018
149,34,5,10/08/2018
150,2,5,10/08/2018
150,28,4,10/08/2018
150,38,5,26/10/2018
151,2,5,12/08/2018
151,14,5,15/10/2018
151,22,5,25/08/2018
151,17,5,25/08/2018
151,29,5,25/08/2018
151,31,5,11/10/2018
151,20,5,29/09/2018
151,32,5,8/10/2018
151,40,5,11/10/2018
151,36,5,30/10/2018
152,2,5,21/08/2018
152,7,5,2/10/2018
152,9,5,2/10/2018
152,10,5,3/10/2018
152,18,5,6/10/2018
152,40,5,25/10/2018
153,2,5,21/08/2018
153,14,5,21/08/2018
153,18,5,28/08/2018
154,2,5,22/08/2018
154,6,5,24/08/2018
154,15,4,22/08/2018
154,29,5,22/08/2018
155,2,5,23/08/2018
155,6,5,23/08/2018
155,27,5,23/08/2018
155,14,4,10/08/2018
155,22,5,23/08/2018
155,15,5,23/08/2018
155,29,5,23/08/2018
155,31,5,26/09/2018
156,2,3,24/08/2018
156,6,3,7/08/2018
156,24,3,24/08/2018
157,2,5,25/08/2018
157,14,5,10/08/2018
157,28,5,10/08/2018
157,22,5,25/08/2018
157,29,5,25/08/2018
157,36,5,24/10/2018
157,41,5,24/10/2018
157,37,5,24/10/2018
158,2,5,28/08/2018
158,14,5,28/08/2018
158,35,5,28/08/2018
158,18,5,28/08/2018
158,30,2,28/08/2018
159,2,5,29/08/2018
159,14,5,26/08/2018
159,22,5,12/10/2018
159,35,5,29/08/2018
160,2,5,29/08/2018
160,6,5,8/08/2018
160,10,3,8/08/2018
160,35,5,29/08/2018
160,39,4,24/10/2018
160,20,5,24/10/2018
160,37,5,24/10/2018
161,2,3,10/09/2018
161,6,5,31/08/2018
161,24,5,10/08/2018
161,14,5,31/08/2018
161,22,5,31/08/2018
161,31,5,10/09/2018
161,20,5,28/09/2018
161,21,5,28/09/2018
161,32,5,23/10/2018
161,36,5,26/10/2018
161,37,5,31/10/2018
162,2,5,25/09/2018
162,7,5,31/07/2018
162,19,5,30/08/2018
162,39,5,25/09/2018
162,40,5,26/10/2018
162,36,5,25/10/2018
162,41,5,25/10/2018
162,38,5,26/10/2018
163,2,5,4/10/2018
163,6,3,10/09/2018
163,14,1,22/08/2018
163,22,3,22/08/2018
164,2,5,29/10/2018
165,3,1,26/07/2018
165,14,5,10/08/2018
165,28,5,10/08/2018
166,3,4,1/08/2018
166,6,3,1/08/2018
166,7,3,26/08/2018
166,23,4,26/08/2018
166,9,3,1/11/2018
166,22,3,25/08/2018
166,15,4,26/08/2018
166,16,4,26/08/2018
166,29,4,25/08/2018
167,3,3,1/08/2018
168,3,1,4/08/2018
168,4,1,4/08/2018
168,5,1,5/08/2018
168,6,3,4/08/2018
168,7,4,4/08/2018
168,8,5,5/08/2018
168,23,4,6/08/2018
168,24,5,6/08/2018
168,9,4,6/08/2018
168,25,5,7/08/2018
168,10,5,8/08/2018
168,14,5,28/08/2018
168,16,5,28/08/2018
168,18,5,28/08/2018
168,30,5,28/08/2018
169,3,2,6/08/2018
169,24,5,6/08/2018
169,26,4,27/08/2018
169,14,5,27/08/2018
169,35,5,27/08/2018
169,20,4,7/10/2018
169,36,4,23/10/2018
169,41,4,23/10/2018
169,37,4,23/10/2018
170,4,5,5/08/2018
170,7,5,5/08/2018
170,8,5,8/08/2018
170,23,5,16/08/2018
170,25,5,16/08/2018
170,10,5,8/08/2018
170,11,5,9/08/2018
170,26,5,9/08/2018
170,12,5,9/08/2018
170,13,5,16/08/2018
170,28,5,16/08/2018
170,22,4,26/08/2018
170,16,5,21/08/2018
170,17,4,26/08/2018
170,18,5,29/08/2018
170,30,5,28/08/2018
171,4,2,6/08/2018
171,38,5,25/10/2018
172,4,3,9/08/2018
172,6,4,26/08/2018
172,28,3,26/08/2018
172,32,3,8/10/2018
172,40,3,8/10/2018
173,5,4,29/07/2018
173,6,5,29/07/2018
173,23,5,14/10/2018
173,9,5,14/10/2018
173,25,5,12/08/2018
173,27,4,14/10/2018
173,28,5,12/08/2018
173,16,4,14/10/2018
173,29,5,13/10/2018
173,21,5,14/10/2018
174,6,3,31/07/2018
174,14,5,19/08/2018
174,20,5,7/10/2018
174,21,1,7/10/2018
175,6,5,6/08/2018
175,23,5,6/08/2018
175,24,5,6/08/2018
175,9,5,6/08/2018
175,25,5,7/08/2018
175,10,4,15/08/2018
175,26,4,15/08/2018
175,12,4,15/08/2018
175,27,5,12/08/2018
175,13,5,15/08/2018
175,28,4,20/08/2018
175,15,5,12/08/2018
175,29,4,25/08/2018
175,36,5,23/10/2018
175,41,5,23/10/2018
176,6,4,7/08/2018
176,8,4,7/08/2018
176,20,4,28/09/2018
177,6,5,8/08/2018
177,25,5,8/08/2018
177,18,4,29/08/2018
177,30,4,31/08/2018
177,19,4,31/08/2018
177,39,4,24/09/2018
178,6,5,17/08/2018
178,25,3,7/08/2018
179,6,4,22/08/2018
179,25,5,8/08/2018
179,33,5,8/08/2018
179,11,5,8/08/2018
179,14,1,22/08/2018
179,22,5,22/08/2018
179,35,4,29/08/2018
179,18,2,19/09/2018
180,6,2,28/08/2018
180,15,5,28/08/2018
181,6,5,29/08/2018
181,11,1,8/08/2018
181,14,3,22/08/2018
181,22,5,22/08/2018
181,35,5,29/08/2018
182,6,4,31/08/2018
182,14,5,31/08/2018
182,22,5,31/08/2018
182,31,5,31/08/2018
182,20,4,28/09/2018
183,8,5,5/08/2018
183,14,3,10/08/2018
184,8,3,5/08/2018
184,23,2,5/08/2018
184,24,3,6/08/2018
184,9,2,6/08/2018
184,33,2,8/08/2018
184,10,2,28/08/2018
184,12,2,27/08/2018
184,16,2,27/08/2018
184,17,2,27/08/2018
184,18,3,28/08/2018
184,19,2,28/08/2018
184,20,5,27/09/2018
184,40,3,25/10/2018
184,37,3,24/10/2018
185,8,4,6/08/2018
186,8,4,6/08/2018
186,28,3,26/08/2018
186,22,3,26/08/2018
186,18,2,28/08/2018
186,30,2,28/08/2018
186,39,2,27/09/2018
186,40,3,23/10/2018
186,41,2,23/10/2018
187,8,5,6/08/2018
187,9,1,6/08/2018
188,8,3,7/08/2018
188,10,3,8/08/2018
188,11,3,8/08/2018
188,14,5,22/10/2018
188,22,5,27/08/2018
188,29,3,27/08/2018
189,8,5,8/08/2018
189,33,3,8/08/2018
189,14,5,28/09/2018
189,32,5,28/09/2018
190,8,5,8/08/2018
190,23,5,1/09/2018
190,9,5,30/08/2018
190,25,5,14/08/2018
190,26,5,14/08/2018
190,12,5,14/08/2018
190,27,5,14/08/2018
190,14,4,14/08/2018
190,22,5,27/08/2018
190,34,5,14/08/2018
190,16,5,27/08/2018
190,35,5,27/08/2018
190,20,5,4/11/2018
190,21,5,28/09/2018
191,8,3,30/08/2018
191,14,4,27/08/2018
191,29,3,27/08/2018
191,31,4,29/08/2018
191,30,4,30/08/2018
191,20,4,28/09/2018
192,8,3,31/08/2018
192,34,5,10/08/2018
193,23,3,5/08/2018
194,23,1,7/08/2018
194,22,5,31/08/2018
194,39,5,27/09/2018
194,38,5,25/10/2018
195,23,4,19/08/2018
195,33,3,10/10/2018
195,28,5,18/08/2018
195,34,2,18/08/2018
195,16,5,19/08/2018
195,31,3,29/08/2018
195,21,4,26/10/2018
195,40,3,26/10/2018
195,41,4,26/10/2018
195,38,3,26/10/2018
196,23,4,25/10/2018
196,11,2,28/09/2018
196,26,3,28/09/2018
196,13,2,28/09/2018
196,28,4,29/08/2018
196,16,2,28/09/2018
196,18,4,29/08/2018
196,20,4,28/09/2018
196,21,5,25/10/2018
196,40,3,25/10/2018
196,36,4,25/10/2018
196,41,4,25/10/2018
196,38,4,25/10/2018
197,24,3,7/08/2018
197,14,3,28/08/2018
197,31,4,23/10/2018
197,35,4,29/08/2018
197,18,3,28/08/2018
197,19,4,29/08/2018
197,20,4,28/09/2018
198,24,3,7/08/2018
198,33,5,7/08/2018
198,14,3,9/08/2018
198,22,5,25/08/2018
198,29,5,24/08/2018
198,30,4,29/08/2018
198,39,3,24/10/2018
198,20,4,30/09/2018
199,24,5,10/08/2018
199,25,2,10/08/2018
199,12,3,10/08/2018
199,14,5,9/08/2018
199,22,5,10/08/2018
199,16,2,20/08/2018
199,35,2,27/09/2018
200,24,5,3/09/2018
200,39,5,26/09/2018
201,9,3,29/08/2018
201,10,2,28/08/2018
201,16,3,28/08/2018
201,17,2,28/08/2018
201,18,3,28/08/2018
201,30,3,28/08/2018
201,19,5,30/08/2018
202,9,3,24/10/2018
202,10,3,24/10/2018
202,26,3,24/10/2018
202,16,3,29/08/2018
203,25,4,7/08/2018
204,33,4,7/08/2018
204,14,5,27/08/2018
204,28,2,27/08/2018
204,15,3,31/08/2018
205,33,5,8/08/2018
206,33,3,8/08/2018
206,14,3,10/08/2018
206,22,1,10/08/2018
207,33,4,8/08/2018
207,14,5,29/08/2018
207,35,5,29/08/2018
208,10,4,9/08/2018
208,11,4,9/08/2018
208,26,3,9/08/2018
208,12,4,9/08/2018
208,27,5,9/08/2018
208,13,4,9/08/2018
208,31,3,31/08/2018
208,20,4,26/10/2018
208,38,4,26/10/2018
209,10,5,26/10/2018
209,34,1,10/08/2018
209,16,5,31/08/2018
210,11,5,8/08/2018
210,27,5,18/10/2018
210,22,4,28/08/2018
210,29,4,29/08/2018
210,31,5,29/08/2018
210,35,4,28/08/2018
210,18,5,28/08/2018
210,30,4,28/08/2018
210,20,5,18/10/2018
211,11,3,8/08/2018
211,26,4,8/08/2018
211,13,5,15/10/2018
211,16,3,28/08/2018
211,29,3,28/08/2018
211,31,4,15/10/2018
211,30,4,28/08/2018
211,39,4,15/10/2018
211,32,3,15/10/2018
211,40,4,15/10/2018
212,26,5,8/08/2018
212,14,5,7/09/2018
212,16,5,21/08/2018
212,19,5,30/08/2018
212,20,5,20/10/2018
213,26,4,15/08/2018
213,13,3,15/08/2018
213,14,4,15/08/2018
213,34,4,16/08/2018
213,15,4,16/08/2018
213,35,3,26/09/2018
214,27,5,9/08/2018
215,27,4,9/08/2018
216,27,5,9/08/2018
216,22,5,31/08/2018
217,27,3,9/08/2018
217,22,4,29/08/2018
217,35,4,29/08/2018
217,20,3,5/10/2018
218,27,4,9/08/2018
218,14,5,20/08/2018
219,27,1,9/08/2018
219,22,1,26/08/2018
219,20,1,28/09/2018
220,27,1,10/08/2018
220,22,5,26/10/2018
220,31,5,25/09/2018
220,39,2,24/09/2018
220,20,3,26/10/2018
220,38,4,26/10/2018
221,13,2,19/09/2018
221,14,4,20/08/2018
221,28,4,20/08/2018
221,16,3,20/08/2018
222,14,4,10/08/2018
222,40,5,23/10/2018
222,36,4,23/10/2018
222,41,3,23/10/2018
222,38,4,25/10/2018
223,14,2,10/08/2018
223,28,4,10/08/2018
223,37,3,26/10/2018
224,14,4,10/08/2018
224,19,2,30/08/2018
225,14,5,10/08/2018
225,22,3,31/08/2018
225,29,5,31/08/2018
225,30,5,31/08/2018
225,21,5,28/09/2018
225,40,4,22/10/2018
226,14,5,14/08/2018
227,14,4,29/08/2018
227,30,4,29/08/2018
228,14,4,29/08/2018
228,39,4,28/09/2018
229,14,5,29/08/2018
230,14,5,26/10/2018
231,28,4,20/08/2018
231,31,4,31/08/2018
231,19,4,30/08/2018
231,20,4,25/10/2018
231,38,3,25/10/2018
232,28,5,31/08/2018
232,29,1,31/08/2018
232,20,5,28/09/2018
232,32,5,25/10/2018
232,40,5,25/10/2018
232,36,5,25/10/2018
232,41,5,25/10/2018
232,38,5,25/10/2018
233,22,5,26/08/2018
233,31,2,24/10/2018
233,35,2,29/08/2018
233,20,5,24/10/2018
233,40,3,26/10/2018
233,36,5,24/10/2018
233,37,4,24/10/2018
233,38,2,26/10/2018
234,22,5,27/08/2018
234,31,5,27/08/2018
234,37,5,23/10/2018
235,22,5,29/08/2018
235,31,2,29/08/2018
235,19,5,29/08/2018
236,22,5,14/10/2018
236,17,4,23/08/2018
237,34,4,21/08/2018
237,39,5,27/09/2018
237,40,5,23/10/2018
237,41,5,23/10/2018
238,29,4,24/08/2018
238,40,5,25/10/2018
239,31,5,27/08/2018
239,35,5,27/08/2018
239,18,5,28/08/2018
239,20,4,24/10/2018
239,37,4,24/10/2018
240,18,5,28/08/2018
240,30,5,28/08/2018
240,20,3,23/10/2018
240,37,4,23/10/2018
241,18,3,28/08/2018
242,30,5,28/08/2018
242,40,5,5/10/2018
243,39,5,27/09/2018
243,36,4,23/10/2018
243,41,4,23/10/2018
244,20,5,28/09/2018
245,20,3,30/10/2018
245,40,5,3/10/2018
245,36,5,30/10/2018
245,41,3,26/10/2018
246,21,3,11/10/2018
246,40,4,12/10/2018
247,32,5,3/10/2018
247,40,5,22/10/2018
248,40,5,3/10/2018
249,38,5,25/10/2018
250,0,3,30/07/2018
250,1,5,4/08/2018
250,2,3,30/07/2018
250,3,3,30/07/2018
250,5,3,30/07/2018
250,6,2,30/07/2018
250,27,5,9/08/2018
250,28,4,10/08/2018
250,20,5,26/10/2018
251,0,5,5/08/2018
251,3,1,5/08/2018
251,4,5,5/08/2018
251,5,5,5/08/2018
251,8,5,5/08/2018
251,23,5,5/08/2018
252,0,5,21/08/2018
252,1,5,8/08/2018
252,3,5,9/08/2018
252,4,5,8/08/2018
252,5,5,9/08/2018
252,7,5,9/08/2018
252,8,5,8/08/2018
252,23,5,8/08/2018
252,24,5,8/08/2018
252,9,5,9/08/2018
252,25,5,8/08/2018
252,33,5,8/08/2018
252,10,5,9/08/2018
252,11,5,8/08/2018
252,26,5,9/08/2018
252,12,5,9/08/2018
252,27,5,9/08/2018
252,13,5,10/08/2018
252,14,5,10/08/2018
252,28,5,10/08/2018
252,22,5,21/08/2018
252,34,5,21/08/2018
252,15,5,21/08/2018
252,16,5,21/08/2018
252,17,5,22/08/2018
252,29,5,22/08/2018
252,35,5,30/08/2018
252,18,5,30/08/2018
252,39,5,26/09/2018
252,32,5,5/10/2018
252,40,5,5/10/2018
253,1,5,24/07/2018
253,2,3,29/07/2018
253,3,3,29/07/2018
253,4,1,29/07/2018
253,5,5,29/07/2018
254,1,4,26/07/2018
254,3,1,26/07/2018
254,6,5,28/07/2018
254,7,3,1/08/2018
254,23,4,7/08/2018
254,24,4,7/08/2018
254,9,4,7/08/2018
254,25,4,16/08/2018
254,10,4,9/08/2018
254,11,4,9/08/2018
254,26,4,9/08/2018
254,12,4,9/08/2018
254,28,4,16/08/2018
254,22,4,21/08/2018
254,34,4,16/08/2018
254,16,4,22/08/2018
254,17,4,22/08/2018
254,29,4,22/08/2018
254,31,4,3/09/2018
254,32,5,8/10/2018
254,40,5,8/10/2018
255,1,1,30/07/2018
255,27,4,21/08/2018
255,14,5,21/08/2018
255,22,5,4/09/2018
255,31,5,13/10/2018
255,19,4,6/09/2018
255,20,4,13/10/2018
255,40,5,13/10/2018
255,37,3,23/10/2018
256,1,5,7/08/2018
256,30,5,30/08/2018
257,1,1,10/08/2018
257,2,1,10/08/2018
257,25,1,17/08/2018
257,10,1,10/08/2018
257,11,1,10/08/2018
257,26,1,10/08/2018
257,12,1,14/08/2018
257,13,1,10/08/2018
257,28,1,10/08/2018
257,34,1,17/08/2018
257,16,1,31/08/2018
257,17,1,27/08/2018
257,18,1,31/08/2018
257,40,1,4/10/2018
258,1,4,31/08/2018
258,2,4,3/10/2018
258,4,3,31/08/2018
258,5,5,13/10/2018
258,6,4,5/08/2018
258,7,2,3/10/2018
258,23,3,3/10/2018
258,9,3,30/09/2018
258,25,4,7/08/2018
258,33,5,7/08/2018
258,10,3,30/09/2018
258,11,3,16/09/2018
258,26,4,16/09/2018
258,12,3,30/09/2018
258,13,3,13/10/2018
258,14,5,31/08/2018
258,28,4,16/09/2018
258,34,3,8/10/2018
258,16,3,16/09/2018
258,17,3,5/10/2018
258,18,4,14/10/2018
258,30,4,6/10/2018
258,19,3,6/10/2018
258,39,5,14/10/2018
258,21,4,28/09/2018
258,40,4,5/10/2018
259,2,3,4/08/2018
259,7,3,4/08/2018
259,22,3,22/08/2018
259,17,3,22/08/2018
259,29,5,22/08/2018
260,2,4,4/08/2018
260,6,4,25/08/2018
260,7,4,27/08/2018
260,9,3,28/09/2018
260,14,4,9/08/2018
260,28,4,18/08/2018
260,15,4,26/08/2018
260,29,4,25/08/2018
261,2,5,5/08/2018
261,6,3,5/08/2018
261,8,5,5/08/2018
261,38,5,26/10/2018
262,2,5,7/08/2018
262,5,3,7/08/2018
262,7,5,1/08/2018
262,23,4,30/08/2018
262,9,1,7/08/2018
262,33,4,4/09/2018
262,27,4,4/09/2018
262,14,3,30/08/2018
262,34,4,4/09/2018
263,2,4,7/08/2018
263,8,4,8/08/2018
263,24,4,7/08/2018
263,15,5,10/08/2018
264,2,5,7/08/2018
264,22,4,26/10/2018
264,19,4,30/08/2018
264,20,5,26/10/2018
265,2,2,8/08/2018
266,2,4,9/08/2018
266,8,4,9/08/2018
267,2,4,9/08/2018
267,14,5,31/08/2018
267,22,4,26/10/2018
267,20,5,26/10/2018
268,2,5,9/08/2018
269,2,3,10/08/2018
269,14,3,10/08/2018
269,34,3,10/08/2018
270,2,5,15/08/2018
270,6,4,31/07/2018
270,25,4,15/08/2018
270,14,5,15/08/2018
270,34,4,15/08/2018
270,15,5,15/08/2018
271,2,5,21/08/2018
271,14,5,21/08/2018
271,28,2,21/08/2018
271,17,3,21/08/2018
272,2,5,27/08/2018
272,6,4,27/08/2018
272,25,3,8/08/2018
272,11,2,9/08/2018
272,14,5,10/08/2018
272,28,4,27/08/2018
272,22,3,27/08/2018
272,29,4,27/08/2018
272,35,4,29/08/2018
272,32,4,2/10/2018
273,2,5,27/08/2018
273,5,3,27/08/2018
273,7,2,27/08/2018
273,23,2,27/08/2018
273,10,2,27/08/2018
273,11,3,27/08/2018
273,26,2,27/08/2018
273,12,3,27/08/2018
273,16,2,27/08/2018
273,35,5,27/08/2018
274,2,4,28/08/2018
274,41,4,24/10/2018
275,2,5,29/08/2018
275,23,5,8/08/2018
275,14,5,29/08/2018
275,40,5,10/10/2018
276,2,4,30/08/2018
276,8,3,6/08/2018
276,27,5,9/08/2018
276,14,5,30/08/2018
276,28,5,10/08/2018
276,22,5,30/08/2018
276,19,5,30/08/2018
276,20,5,25/10/2018
276,37,5,25/10/2018
276,38,5,25/10/2018
277,2,5,31/08/2018
277,6,4,21/09/2018
277,14,5,10/08/2018
277,28,5,10/08/2018
277,34,4,31/08/2018
277,35,3,31/08/2018
277,36,5,26/10/2018
278,2,5,31/08/2018
278,14,5,10/08/2018
278,28,4,10/08/2018
279,2,2,31/08/2018
279,6,1,31/08/2018
279,9,3,28/09/2018
279,14,2,31/08/2018
279,32,3,26/10/2018
280,3,3,1/08/2018
280,6,5,21/10/2018
280,27,5,9/08/2018
280,14,5,21/10/2018
280,22,4,21/10/2018
280,34,1,10/08/2018
280,15,5,21/10/2018
280,31,4,21/10/2018
280,21,3,28/09/2018
280,41,4,26/10/2018
281,4,1,15/08/2018
281,23,1,15/08/2018
281,10,2,15/08/2018
281,26,2,15/08/2018
281,27,2,15/08/2018
281,13,1,15/08/2018
281,16,1,4/10/2018
282,4,5,25/10/2018
282,23,5,25/10/2018
282,9,5,25/10/2018
282,21,1,25/10/2018
283,6,5,7/08/2018
283,14,5,26/08/2018
283,22,5,26/08/2018
283,29,5,26/08/2018
283,39,5,29/09/2018
283,32,5,29/09/2018
283,41,5,28/10/2018
284,6,3,10/08/2018
284,14,3,10/08/2018
284,28,3,10/08/2018
285,6,4,10/08/2018
285,23,2,10/08/2018
285,10,2,10/08/2018
285,11,3,10/08/2018
285,26,2,10/08/2018
285,12,2,10/08/2018
285,13,2,10/08/2018
285,14,5,10/08/2018
285,34,2,10/08/2018
286,6,5,12/08/2018
286,14,5,10/08/2018
286,28,4,10/08/2018
286,39,5,6/11/2018
286,38,5,25/10/2018
287,6,4,31/08/2018
288,6,5,31/08/2018
288,14,3,31/08/2018
288,21,5,28/09/2018
289,6,5,28/09/2018
289,14,5,16/08/2018
289,34,5,16/08/2018
289,39,5,28/09/2018
289,21,5,28/09/2018
289,40,5,25/10/2018
289,36,5,25/10/2018
289,41,5,25/10/2018
289,37,5,25/10/2018
290,6,5,17/10/2018
290,16,5,30/08/2018
290,17,4,27/08/2018
291,7,5,9/08/2018
291,19,5,29/08/2018
292,7,1,9/08/2018
293,8,4,5/08/2018
293,14,3,31/08/2018
293,21,3,5/10/2018
294,8,4,5/08/2018
294,14,5,31/08/2018
295,8,4,7/08/2018
296,8,3,9/08/2018
296,10,3,9/08/2018
296,11,3,9/08/2018
296,26,3,9/08/2018
296,12,3,9/08/2018
296,13,3,9/08/2018
296,15,3,13/09/2018
296,18,3,30/08/2018
296,32,3,18/10/2018
296,40,3,18/10/2018
297,8,5,27/09/2018
297,13,1,27/09/2018
297,16,2,30/08/2018
298,23,1,20/08/2018
299,24,1,7/08/2018
300,25,4,10/08/2018
300,21,4,28/09/2018
301,25,5,10/08/2018
301,14,5,9/08/2018
301,21,5,28/09/2018
302,10,5,20/08/2018
302,26,1,20/08/2018
302,38,5,26/10/2018
303,26,5,28/09/2018
303,22,5,31/08/2018
303,20,5,28/09/2018
303,38,5,25/10/2018
304,12,3,10/08/2018
304,15,2,19/08/2018
305,27,5,10/08/2018
305,34,5,16/08/2018
306,14,5,10/08/2018
307,14,5,10/08/2018
307,28,4,10/08/2018
308,14,5,14/08/2018
309,14,4,27/09/2018
309,39,4,27/09/2018
310,28,5,10/08/2018
311,28,4,10/08/2018
311,34,4,10/08/2018
311,15,5,31/08/2018
312,22,3,27/10/2018
312,21,2,28/09/2018
312,32,2,28/09/2018
312,40,2,16/10/2018
312,36,2,27/10/2018
312,37,2,27/10/2018
313,34,5,10/08/2018
314,34,5,10/08/2018
315,30,4,28/08/2018
316,20,3,25/10/2018
316,21,3,26/10/2018
316,41,3,25/10/2018
316,38,4,25/10/2018
317,20,5,26/10/2018
318,40,5,19/10/2018
